polarity,tweet
0.4,We know planting trees is important They fight climate change make our air healthier and protect biodiversity
0.2611111111111111,Great piece from JustinWorland on climate amp social justice Long before the phrase I cant breathe became a ral
-0.18181818181818182,New research from CornellEng and WSUPullman shows that climatechange will leave some farmers with a difficult c
0.36818181818181817,Thrilled that Columbia will soon have a new climate school Leading the change as always
0.35714285714285715,Podcast fans listen up Weve published four special climate focused podcasts with contributions from our equitie
-0.049999999999999996,Financial Markets and Regulators Are Still in the Dark on Climate Change climate financial financialsystem
-0.07142857142857142,Were recognizing that the single biggest impact anybody can have on the planet and on climate is what they deci
0.06818181818181818,Looking for a new career in Northern or Southern California Our team is hiring Air Quality amp Climate Change Spec
-1.0,Japan your country has suffered devastating floods this week from climate change and I send my sympathy but why w
0.13687500000000002,Mean high water line is one of many legal and geographical concepts being subverted by climate change but rest
0.3,Future climate scenarios predict change in Bhutanese rice areas read for free the latest from The Journal of Agr
0.3333333333333333,Even the South Pole Is Warming and Quickly Scientists Say Climate EnvironEng
0.1,ClimateCrisis Action Plan from US House Democrats would save an estimated 62000 lives every year until 2050 and
0.13636363636363635,Offshore wind power is growing rapidly to meet renewable energy targets and combat climate change Read our new rep
0.13636363636363635,Offshore wind power is growing rapidly to meet renewable energy targets and combat climate change Read our new repo
-0.021212121212121213,While this youth movement is new climatechange is not Climate change is the long term change in the average weat
-0.19166666666666665,Over 70 of respondents across the world report that in the long term climate is as serious a crisis as Covid19
-0.010101010101010091,New research from AWIMedia reveals that climate change could make it impossible for many fish species to reprod
0.375,ecology Links to ECO FRIENDLY LIVING climatechange climate change earthships ecofriendly ecovillage
0.11363636363636363,Climate change recovery after the pandemic is an opportunity to take positive steps to a greener future Massi
-0.1625,Climate change and conflict are a cruel combo that stalk the worlds most vulnerable Read the full report by
0.11666666666666665,If youre willing to say game over on climate change mitigation if your conditions arent met it okay to set
0.2,To plan a renewable energy project means knowing how much wind and sun an area gets today and 50 years from now
-1.0,Climate change conflict a cruel combo that stalk the worl
0.13636363636363635,You may have missed this report if you live in the US It was planned that way climate
-0.375,Imagine a world where business as usual and ignoring climate targets is illegal
0.5,Countries with credible climate plans therefore need to make a genuine attempt to calculate their fair share Th
-0.35000000000000003,Getting rid off cars in cities Rather than stumble back into car dependency cities can begin to undo their worst
0.45,More roads more cars Any examples where this isnt true Climate change Road plans will scupper CO2 targets
0.2,Weve got some real challenges in society around sustainability climate change energy ageing population We
0.005681818181818177,New video Lightning Bolt Science and How Lightning will be Affected by Abrupt Climate System Change
0.36666666666666664,Seriously Not one word about climate change I love JoeBiden but he will need someone as strong as
0.11363636363636363,The public views the post pandemic recovery as an opportunity for positive change and they
0.2,To plan a renewable energy project means knowing how much wind and sun an area gets today and 50 years from now
-0.0375,Global average temperature increase could cross 15C catastrophic climate change threshold within the next five y
0.5,What do some fellow conservatives say to JohnHSweeney about climate denial in the NJNY area Here his interesting
0.15284090909090908,Excited to launch this new series on the role of Canada vast natural landscapes in the fight against climate chan
-0.2,Climate change Heavy rain after drought may cause fish kills Fish kills are a recurring phenomenon in lakes suf
-0.15000000000000002,Climatechange is adding excess stress to bee populations globally Climate change is slowly contributing to a re
-0.5,Making Climate Change Illegal TonyHeller nrknyheter dax18 polkvart nrkdebatt nrkurix climate
0.1,ICRC report finds that anticipatory action to cope with impacts of climate change needed in conflict affected coun
-0.2,Climate change turning US mountain lakes green with algae change climate
-0.25,Some say that what individuals can do wont have an effect They say that either because theyre lazy or because th
0.3333333333333333,Only if we manage to stop climate change we will be able to maintain the beauty of many areas Italy Meran
0.15656565656565657,Millions more US homes are at risk of flooding than previously known new analysis shows CNN climate
-0.1,Today i went shopping in a trolley just like everybody else I took two recycled bags and spent 90 of our groceris
0.5,I just love this interview of GretaThunberg It inspires and reminds me that all volunteers and everyone trying to
-0.16666666666666666,Our ancestors changed their diets quite dramatically several times in the past usually in response to changes
0.2,Crashing coastal property values and the economic fallout of climate change via
-0.4,HouseDemocrats Climate Change Behind Racial Injustice Floyd Protests
-0.041666666666666664,South American trees expose rise in droughts due to human caused climate change
-0.2,Japans Deadly Combination CLIMATE Change and an Aging Society GlobalWarming climatechange
-0.2,Japans Deadly Combination CLIMATE Change and an Aging Society GPWX GlobalWarming climatechange
0.0666666666666667,IEA urges huge investments in green energy We ask Fatih Birol executive director of the International Energy
0.1787878787878788,Cross posting this important new report from ICRC and accompanying multimedia Why the difference between Malian f
0.10625,It not just you it hot in here Each year more Americans die from extreme heat than are killed by storms f
0.5,Which Wealthy Country Is Most Pessimistic On CLIMATE Change GlobalWarming climatechange
0.5,Which Wealthy Country Is Most Pessimistic On CLIMATE Change GPWX GlobalWarming climatechange
0.5,Want to learn more about seaturtles and climate change Read SWOT Threat Series 5 Climate Change IOSEA Marin
0.5,Communities of color face greater climate risks Climate change is a threat multiplier Intensifying layering on
0.04545454545454545,US based Cargill has announced ten new global renewable energy projects as part of its commitment to combating
0.375,What do you see first climate change climatechange love globalwarming motivation nature life
-0.25,Climate change in Japan devastating floods and many dead Japn has deployed at least 80000 rescue workers to s
0.24675324675324675,Join ehshoutloud for a special FestivalOfArchaeology episode of History at Home Live with CBBC Ben Shires abo
0.3,Vox House Democrats just put out the most detailed climate plan in US political history
0.15,2 Participants said few people talk to them about climate change including policymakers On top of not being ab
0.24675324675324675,Join ehshoutloud for a special FestivalOfArchaeology episode of History at Home Live with CBBC Ben Shires abo
0.5,Are you also spending more money on air conditioners because of climate change Learn mo
0.06818181818181818,We have partnered with iemanet on a new guide around requirements from the task force on climate related financia
-0.038888888888888896,Whilst Covid 19 has caused a severe international health and economic crisis failure to tackle climate change ma
-0.2,Approximately 16 billion people depend on forestswhich cover nearly a third of the worlds landto make their liv
0.3181818181818182,klimainitiative launched a new website From now on articles background information factsheets and much more ab
0.125,I am posting hoping to find some Climate Change related experts This would be people who are interested in sharin
0.13636363636363635,Climate change will fundamentally reshape our economy leaving almost no industry untouched New research suggest
0.6,In Parched Southwest Warm Spring Renews Threat of Megadrought weather climate drought america
0.4000000000000001,Climate Change Science Aided by Huge but Invisible Efforts of Amateurs CoopSciScoop
0.1,Why coronavirus is the time for climate change action and optimism greta
0.08,This study shows with a high level of scientific skill the enormous challenge ahead in meeting the Paris Agree
0.09977272727272726,A Healthy European Green Deal The environmental and climate emergencies are major threats to publichealth NEW
0.0625,AP 7820 Biden Sanders task forces unveil joint goals for Democratic party unity incl major proposals to comba
-0.2,Reading Japans Deadly Combination Climate Change and an Aging Society Climate
0.12222222222222223,Today at IEA Clean Energy Transitions Summit Italy is missing wondering how Govern wants to lead greendeal with
0.05,Our web page is alive Join the global fight against climate change today Please visit
0.16666666666666666,Under the most drastic model of global warming the risk of Zika transmission will increase over southern and easte
0.08,AnthonyMKelly abcpoppins BritishSave NFUPolitical NFUtweets Please support British farmers and their high
0.5,An extra 14bn is needed a year for the UK to reached climate commitments according to GreenAllianceUK The best
0.13636363636363635,REPORT How can the EIB change what it does to become the EU Climate Bank New e3g report setting out how biggest
0.13636363636363635,New article TIME TO WAKE UP Climate Change Advocacy in a Polarized Congress 1996 2015 Guber Bohr amp Dunla
0.2,EIB says it is already the EU climatebank but we say not so fast We argue EIB must deliver transforma
0.025000000000000022,With all the huge global events happening lately talks about climate change might be on the back burner But we
0.5,Impact of Covid 19 and climate change Agcotech has created an innovative way for organisat
0.15,The Walking Dead climate change climatechange love globalwarming motivation nature life climatecrisis
-0.5,1 Countries enduring armed conflict are disproportionately vulnerable to climate variability and change because
0.3333333333333333,Only if we manage to stop climate change we will be able to maintain the beauty of many areas Italy Meran
0.1,We must work together across the Movement the humanitarian sector and beyond to strengthen climate action and ens
0.13636363636363635,A blog from a new source of futurethinking The BBC Could be a possibility A mass experiment for the
0.16666666666666666,Under the most drastic model of global warming the risk of Zika transmission will increase over southern and easte
-0.37,climate denial amp coronavirus denial are all the same denial Sadly science denial can be very dangerous and dead
-0.49,Whether it climate denial or coronavirus denial science denial can be very dangerous and deadly to you amp your
0.4,Worth a read wherever you stand on this will be interesting to find out if people who have doubted the science fe
0.375,ecology Links to an ECO FRIENDLY LIFE climatechange climate change earthships ecofriendly ecovillage
0.16,In 2017 2458 million metric tonnes of paper packaging was produced including a high percentage made from trees
-0.125,And if that is a bit in times of climate change the carob trees cut off also seems to be weakening other caro
0.8,Who dares to be optimistic about climate Lots of brave people committed to change Read Voices for Climate O
-0.125,Vancouvers allergy season is heating up due to climate change Vancouver BC BChealth SFU BCed climatechange
0.3333333333333333,I often wonder what the greatest historical event of the next 20 years will be The refugee crisis Climate chang
0.06666666666666667,In 30 years a half million homes worth 241 billion will be severely impacted by climate flood zones The price o
0.5,On a warming planet heat hurts communities of color more Climate
0.8,Another win for the people Defendants appeal over venue denied by federal court in Boulder climate change lawsui
-0.125,Vancouvers allergy season is heating up due to climate change Vancouver BritishColumbia CdnHealth BChealth
0.6,In Parched Southwest Warm Spring Renews Threat of Megadrought drought climate
0.016666666666666677,Weeds can help make dry damaged land lush again not to mention absorb carbon from the atmosphere
0.5,Yes theres more to the story than just fairy dust we need to take a holistic view and tackle climate change from
0.3666666666666667,The changeover to electric vehicles must be reflected by the growth of clean energy grids to reduce air pollution a
-0.2916666666666667,The lack of transparency around firms carbonfootprints and progress on climate goals can make it hard to tell wh
0.2285714285714286,Investor Ideas Climate Change amp CleanTech Podcast Special Edition Interview with Jeri Baker Executive Direct
0.0875,In other exciting news Edward Elgar plan that our Research Handbook on Climate Change Oceans and Coasts to be ava
0.1875,If we do things that address climate change we are going to do things that make us more resilient to other thr
0.16666666666666666,We should turn in climate change the traffic lights on red and stop climatechange quickly environment jus
0.35714285714285715,Investor Ideas Climate Change and CleanTech Podcast Special Edition Interview with Jeri Baker Executive Direc
-0.30000000000000004,Climatechange is also contributing to the decline in amphibian species worldwide Climate change is slowly cont
0.022000000000000002,So sad this is a final episode as this is the first podcast series that I really started listening to Highly reco
0.175,Rural voters are more likely to support climate friendly policies if the efforts are tied to financial incentives
0.1,Liz Truss Liam Fox wants climate change and digital reform at WTO Politico
0.35714285714285715,Investor Ideas Climate Change and CleanTech Podcast Special Edition Interview with Jeri Baker Executive Direc
0.25,One of the climate faithful dissenting Hopefully more follow There are certainly enough Questions to distrust
0.13333333333333333,In FT interview European Central Bank President Christine Lagarde says bank will explore every avenue available
-0.5,Adapting to globalwarming is expensive Join StanfordLaw for a webinar on lawsuits that some states like CA have
-0.125,Temperature fluctuations may lead to unstable ecosystems As extreme temperature events intensify due to climate
0.35714285714285715,Investor Ideas Climate Change amp CleanTech Podcast Special Edition Interview with Jeri Baker Executive Directo
0.5,Survey of Florida voters asked questions like Does the federal government handling of COVID 19 give you more or
0.2,climate change is a real threat Prepare yourselves
0.35,Which levers do we pull to stop climate change Theres a widget for that climateinteract cool interactive tool
0.06818181818181818,Namib Biogas is the way of the future No matter where in the world you live you can help Namibia become a leader
0.25,Have your say on the Greater Nottingham Strategic Plan which sets out policies to help guide future development a
0.2619047619047619,Dear USA Millionaires Surely youre investing in ClimateSolutions right ONLY way youll make from these
0.45,It is important to engage all people in working towards climate mitigation and adaptation Voices of the most vuln
0.05,Experts say global heating and destruction of the natural world for farming mining and housing have to end Farmi
0.13636363636363635,Where are the adults I live in Grenoble and I see the glaciers melt like snow in the sun Its time to change our
0.66,richardhorton1 Great questions all Someone has said add climate to all yes Think very relevant to Q10 especi
0.2,ShellenbergerMD Quillette Mike why not instead Climate change is real but not the end of the world It IS lik
0.06666666666666667,Anyone here think humans are capable of solving massive issues such as climate change income inequality poverty
0.2333333333333333,Intense Arctic wildfires have released more polluting gases into Earths atmosphere in the last month than any othe
0.3,Pink snow isnt good news on climate change 2DegreesC ClimateChange Environment GlobalWarming Nature
0.12,Global Warming is Real Siberia temps over 100F and high CO2 output fires burning north of the arctic circle We ne
-0.125,Tomorrow at 730 PM CEST AlexandraPalt will join along with other experts Netting Zero Understand the challenge
-0.2,Merkel dressing in green stressing the importance of fundamentalrights cohesion solidarity and fight against Climate change
0.125,I am posting hoping to find some Climate Change related experts This would be people who are interested in sharin
0.3,MaryHeglar Indeed Yet in your 2018 Vox piece about climate change there was no mention of the powerful collectiv
0.05,What is the climate action plan for Maine The state Climate Council has drafted strategies and they want public
-0.2,Did you know Electronics Waste EWaste Sustainability Pollution Recycle Reuse Reduce Sustainable
0.1,Will government act on community concern to align COVID stimulus with required climate change action
0.3311111111111111,A worthy study of respectable sir DrShujaul regarding climate change impacts on high altitude ecosystem He h
0.16666666666666666,We should turn in climate change the traffic lights on red and stop climatechange quickly environment jus
0.625,An environmental professor on learning to cope with climate change Beautiful Relevant now climate trauma
0.1,vanessavash Many forget secondary consequences of climate change on children and women There is a lot
0.1,Trees cant move fast enough to escape a warming CLIMATE Should we help them GlobalWarming climatechange
0.1,Trees cant move fast enough to escape a warming CLIMATE Should we help them GPWX GlobalWarming climatechange
0.3666666666666667,science Links to SCIENCE and CLIMATE CHANGE climate clean greenenergy solar air water temps
-0.0625,Left unchecked climate change environmental destruction rising sea levels droughts floods and other environme
0.7,Good news for NFU Members in the Horticulture Pig and Poultry Sectors The NFU Climate Change Levy Scheme
0.5,Climate amp Sustainability Economists warn that a hotter world will be poorer and more unequal What happens when
0.5,Climate amp Sustainability Economists warn that a hotter world will be poorer and more unequal What happens when
0.35,One of the most robust laws on climatechange yet has been created in Denmark Can legislation really make failin
-0.06666666666666667,With the pandemic triggering a deep global recession talk of a green recovery is in danger of remaining just
0.25,For the second consecutive year forest fire activity is more than 22 times higher than in 2003 2018 in the Arctic
-0.5,Coverage of the energy sector fails if it ignores CLIMATE change Don Pittis GlobalWarming climatechange
-0.5,Coverage of the energy sector fails if it ignores CLIMATE change Don Pittis GPWX GlobalWarming climatechange
-0.0625,Left unchecked climate change environmental destruction rising sea levels droughts floods and other environme
-0.125,Climate change may cause extreme waves in Arctic change climate scienceandnature
0.020833333333333332,Climate change can pose major financial risks to organizations By publicly declaring support for Task Force on
0.4333333333333333,From MLK to climate scientists Americans have a tragically strong track record of punishing those who speak out
0.5,Our baseline shifts on every front climate biodiversity forest habitats politics Interesting article about ge
0.0976190476190476,This is Big Lagarde rightly puts green policy top of agenda in European Central Bank 28tn asset purchases will
-0.5,The law that could make climate change illegal via BBCFuture
0.1875,June Arctic wildfires released more CO2 than in any other month in 18 years of data collection report climate
0.25,CCCPHL currently working on leveling up its gender mainstreaming to be able to apply gender responsive principles
-0.05,Scientists in Italy are investigating the mysterious appearance of pink glacial ice in the Alps caused by
0.4333333333333333,Climate change and AUTOPILOTSAFETY make strong arguments for taking some Tsla profit and buying a Tesla for t
0.4,AddThis Home Have a look at how heatwaves are projected to change in Queensland Free
0.5833333333333334,CARB is hiring Excellent opportunity to work on some of the most ambitious climate programs LCFS team is loo
0.4333333333333333,From MLK to climate scientists Americans have a tragically strong track record of punishing those who speak out
0.16666666666666666,Currently sea levels are rising at more than twice the rate than at the start of the 20th century By 2050 well
-0.4,When climate change makes wildfires worse Americans suffer Bloomberg
0.2,Climatechange also leads to an increase in world oceantemperatures This increase in temperature is very detrimen
0.27777777777777773,Inspiring jloistf BBCFuture article how Denmark is taking bold ClimateAction and being a global leader to
0.03333333333333333,The social vision of climate change
0.3333333333333333,Bumble beesone of the planet most important pollinators for both wild plants and farmed cropsare declining rap
-0.3125,What does a 100 degree day in Siberia really mean via NatGeo climate climatechange
0.8,Great piece by RebeccaHuntley2 on how to speak about climate and the psychology that makes people unwilling to acc
0.13636363636363635,BREAKING New CAREClimate report Evicted by Climate Change highlights the injustice of climate displacement and
-0.18181818181818182,The Danes get it Theyre Climate leaders with a new law that could make inaction on the ClimateCrisis illegal W
-0.5,NamugerwaLeah GretaThunberg Why Apocalyptic Claims About Climate Change Are Wrong Michael Shellenberger clim
-1.0,Animated coxcomb map shows a shocking story of change in the Amazon Biome deforestation is up 20 over this time
0.13636363636363635,Dalai Lama marks 85th birthday with new album message on CLIMATE change coronavirus pandemic
0.13636363636363635,Dalai Lama marks 85th birthday with new album message on CLIMATE change coronavirus pandemic
-0.125,Climate News Climate change may cause extreme waves in Arctic
-0.2,How the spread of the deadly coronavirus is impacted by climate change the environment and our lifestyles
-0.125,CLIMATE change to fuel extreme waves in ARCTIC GlobalWarming climatechange
-0.125,CLIMATE change to fuel extreme waves in ARCTIC GPWX GlobalWarming climatechange
-0.2722222222222222,Imagine if the entire world did this make failure to act on climate change illegal Denmark did just that Amazi
0.5,SustDev Spatolisano As countries begin to move towards COVID19 recovery we need coherent amp comprehensive actio
-0.1,Hydrogen is moving to the center of Europe effort to fuel industry while protecting planet from climate change
0.1,Temperatures off Russias Arctic coast reached 24 degrees Celsius in early June a disaster for the planets futur
0.375,ecology Links to ECO FRIENDLY LIVING climatechange climate change earthships ecofriendly ecovillage
0.1,We dont talk about it partly because we dont know how to talk about it says 13 year old Oskar on the need for
-0.3333333333333333,Pandemics are devastating to our lives and our economies and it is the poorest and the most vulnerable who su
0.5,To curb CLIMATE change scientists call for more robust seagrass preservation efforts
0.5,To curb CLIMATE change scientists call for more robust seagrass preservation efforts
0.11818181818181818,Wow BIERoundtable member DiageoNA announced their new Lebanon Kentucky whiskey distillery is committing to
0.2,Fast Ocean Facts PELICANS The largest Pelicans can have a wingspan of 10ft weighing 33lbs
0.25,Climate change will make world too hot for 60 per cent of fish species Climate
0.45,Stephen Handler Took the Scenic Route on his Path to Becoming a Climate Change Specialist
0.5,Denmark has created one of the most robust laws on climate change yet Can legislation make failing to act on cli
0.15,This is a really cool initiative ClimateCabinet offers specific climate information policy proposals and messag
-0.15,JoeBiden allies and some of the Democratic Partys leading progressives have quietly started to forge common gr
-0.2,The biggest ever science expedition to the Arctic encountered extremely thin sea ice which could threaten future
0.4,Proud to be coordinating the next episode in our UNU Virtual Conversation Series Tropical Deforestation COVID
-0.08787878787878789,New investigation reveals greenwashing schemes behind Big Oils push for NatureBasedSolutions Planting tre
-0.15625,Our partner We Mean Business have written to G20 Finance Ministers and Central Banks urging them to
0.2857142857142857,Climate Change Attitudes Learning the right lessons from history climate disasters
0.35714285714285715,Day 2 WhiteCase hosted a seminar A special regime for climate change disputes Th
0.5,The Conservancy natureorg Combating climate change requires innovative collaboration to bridge the gaps between s
0.13636363636363635,A new deal for nature transformational change or Aichi 20 climate
-0.15,JoeBiden allies and some of the Democratic Partys leading progressives have quietly started to forge common gr
-0.13181818181818183,Hybridization and habitat fragmentation in butterfly evolution New Research amp genomes poor genetic health of r
0.15,The Transport Climate Action Directory is a public database containing more than 60 different climate change mitig
0.0037878787878787845,Human caused climate change has intensified patterns of extreme rainfall and drought across the globe new study
0.26666666666666666,If you read Michael Shellenbergers recent article you should also read this thoughtful and detailed response from
-0.4,Arctic explorers find unusually thin ice as a result of climate change
-0.03181818181818183,New article Discourses on transformational change and paradigm shift in the Green Climate Fund the divide over
-0.19444444444444445,Change is just hard And change is supposed to be hard It is supposed to be political Change is supposed to
0.375,We are incredibly excited to launch our CLIMATE CURRICULUM CAMPAIGN We are calling all architecture students gra
-0.2,The biggest ever science expedition to the Arctic encountered extremely thin sea ice which could threaten future
-0.25,Small Island States Facing Climate Change an Interview with Carola Kloeck CERI an Michael
-0.5,The law that could make climate change illegal via BBCFuture The climate insanity of ig
0.13636363636363635,BREAKING New CAREclimate report Evicted by Climate Change highlights the injustice of climate displacement an
0.018181818181818174,A mass die off of seabirds in the Bering Sea may be partially attributable to climate change according to a new study EnvirnPollution
0.45,Louie Psihoyos is an Academy Award winning film director that makes documentaries about important environmental i
0.06818181818181818,New agriculture paper Gender Matters Climate Change Gender Bias and Womens Farming in the Global South
0.3666666666666667,science Links to SCIENCE and CLIMATE CHANGE climate clean greenenergy solar air water temps
-0.2,Approximately 16 billion people depend on forestswhich cover nearly a third of the worlds landto make their liv
-0.2,The faux green movement of watermelon activists has deliberately misled the world about the scope amp impacts of
-0.35,The global quarantine has been both drastic and painful As countries emerge from lockdown governments should begi
0.25,Combatting climate changeinvolves more than simply reducing a carbon footprint writes gauloir It means seein
0.7,ClimateChange The greens have been in the driving seat for greenwaystoprosper without getting it fair share of
-0.30000000000000004,Refugees recognized climate change as a factor of forced displacement in 2019 We examined StateDept USAID
-0.07142857142857142,Devote the rest of your life to making progressthe chance for progress turns on the events of a single day
0.3181818181818182,Are you new to the nuclear energy industry and would like to learn more Visit our Nuclear Essentials page to fi
0.3333333333333333,Only if we manage to stop climate change we will be able to maintain the beauty of many areas Italy Meran
0.7,Good news But theyre still trying to expand capacity of Dakota Access pipeline in Illinois Well see if Governo
0.25,SteamDrills Weve got to make change our national pastime and hold protests more regularly than weekend parties Climate 5Star
0.08333333333333333,Fish more vulnerable to warming water than first thought Dahlke et al in Science Climate Change and the
0.3055194805194805,We are proud of our state for moving in the right direction with the new zero emission truck standard Hopefully
0.1,Ignoring Young People ClimateChange Fears Is A Recipe For Anxiety climatecrisis climate climateemergency
0.16818181818181818,Fast Ocean Facts SEAWEED New plastic packaging alternatives are being made from seaweed
-0.5,FAO partners with the Adaptation Fund to help vulnerable countries fight the impact of climate change fao
0.17222222222222222,We spend six times more flying Trump down to Florida to play golf than we do to protect 330 million Americans from
0.05,The climate severely affacts the entire biodiversity of the world And unexpected damage is causing thousands of sp
0.25,RepKatiePorter PhixResist stevenmnuchin1 SecElaineChao Given primacy of climate change as most critical existen
0.6,UN75 Loving United Nations My Letter Climate Change Thankful UnitedNations For Environment my Childhood T
0.375,Today we purchased 39kWh via Wind power to charge our car and bought eco friendly groceries What did you do to cou
0.6,UN UNEP UN75 Loving United Nations My Letter Climate Change Thankful UnitedNations For Environment my
0.020833333333333332,Key role for UK COP26 team BorisJohnson to build a joint agenda with China on major international climate
0.6000000000000001,Great contribution on peatlands climate and why it important not to wait with rewetting by K Kinley and O J
-0.16666666666666666,Climate News Earth magnetic field can change 10 times faster than previously thought
-0.4,Caring about climate change can be exhausting so what can we do when weve run out of the energy to do something
-0.16666666666666666,The climate movement must abandon gradualism euphemism amp half measures We need to protect ourselves throug
0.06628787878787878,The major objectives of the meeting were 1 To brief UNEP about a new IOM project on Migration Environment and
0.019999999999999997,This might be the case or worse for many islands in next few decades Climate change is real and we might become cl
0.16666666666666666,Perspectives on Climate Climate change is a collective political problem not something we can adequately addre
0.16666666666666666,Worldwide most people now say climate change is bigger worry than Covid 56 of UK voters want equal focus on
0.8,Reading Progressives Doubted Joe Biden on Climate Change Can He Win Them Over Climate
0.6,Conservationist JaneGoodall desperately wants the world to pay attention to what she sees as the greatest threat t
0.41666666666666663,Emerging Biden planning for climate moves more quickly committing to seeing the United States electricity sect
0.8,Progressives Doubted Joe Biden on CLIMATE Change Can He Win Them Over GlobalWarming climatechange
0.8,Progressives Doubted Joe Biden on CLIMATE Change Can He Win Them Over GPWX GlobalWarming climatechange
0.375,ecology Links to an ECO FRIENDLY LIFE climatechange climate change earthships ecofriendly ecovillage
-0.5,FAO partners with the Adaptation Fund to help vulnerable countries fight the impact of climate change
0.11666666666666667,Taking climate risk seriously Social and economic costs of failing to prepare for ClimateChange change risks
0.6,Conservationist JaneGoodall desperately wants the world to pay attention to what she sees as the greatest threat t
0.7,Remember this Timber construction followed by a good forest management program is one of the smartest ways to
0.13636363636363635,New openaccess article Contentious governance around climate change measures in the Netherlands by
0.5,The Assessment Report Six of the IPCCCH evaluates the latest climate change science including projections of futu
0.05714285714285714,Back to normal Business as usual We are far from adressing climate change in the right way Again it becomes utt
0.018181818181818174,A mass die off of seabirds in the Bering Sea may be partially attributable to climate change according to a new study EnvirnPollution
0.35,Climate change is real Read more about climate change Link in bio climatechange environment
-0.25,Climate scientists are speaking out against grossly exaggerated claims about global warming
0.06818181818181818,New agriculture paper Farmers Beliefs and Concerns about Climate Change An Assessment from Southern Sau
0.4333333333333333,Foodsecurity and climate change have strong gender and equity dimensions
-0.012500000000000011,People in the future are going to read about the past amp wonder why we didnt do more to slow anthropogenic
-0.2,justythe Realme58196061 gtlem Old canard WTF harper destroyed 40 years of environmental regs and forbade scie
-1.0,So I realize it horrible to feed wildlife but this is why we need to turn Climate Change Were killing their
0.16666666666666666,We should turn in climate change the traffic lights on red and stop climatechange quickly environment jus
-0.25,Jane Goodall on conservation climate change and COVID 19 If we carry on with business as usual were going to
0.25,Climate change will make world too hot for 60 per cent of fish species auspol
-0.2,Climate change fuelling deadly India lightning strikes via Y7News
-0.06666666666666661,Bad news not just fish humans too and most life on Earth 5C of global warming up to 60 of fish species aroun
0.7,GOOD ARTICLE ABOUT NYC AND CLIMATE CHANGE WATER WILL RISE 6 FEET BY 2100 SEA WALLS WONT SAVE
0.025,Do you miss the old normal Imagine how much we would be missing and other generations would not get to know if
-0.5,FAO partners with the Adaptation Fund to help vulnerable countries fight the impact of climate change
0.2,The state of the climate and the health of our planets living systems are intimately linked and changes in one
0.13636363636363635,What on Earth a new CBC Radio series about climate amp Canad cbcwhatonearth cbc cbcnews climate ActNow
0.625,An environmental professor on learning to cope with climate change Beautiful Relevant now climate trauma
-0.25,Really powerful article on ClimateChange grief and how to encourage climate nihilists
0.1787878787878788,A new study sheds light on the relationship between food water and trade flows It recommends technical and re
-0.05,Before the Fraudemic of Covid19 the SAME PEOPLE pushing this fear porn propaganda for Lockdown pushed Climate
0.21428571428571427,The book ClimateChange and Agricultural Development Improving resilience through climate smart agriculture
0.5,How Many Americans Believe In ClimateChange persuade climatecrisis climate climateemergency
0.375,ecology Links to an ECO FRIENDLY LIving climatechange climate change earthships ecofriendly ecovillage
0.16818181818181818,Much has changed since Gov Schwarzenegger made that statement in 2010 including over 1 million new solar homes
-0.0625,Solidarity Sunday With our relative wealth and privilege as UK citizens lets learn about other people who are on t
-0.5,FAO partners with the Adaptation Fund to help vulnerable countries fight the impact of climate change Adaption
-0.16666666666666666,Bundestag has that Kohlegesetz decided A black day for climate change Instead of pushing ahead with climate pr
0.8,The Arctic has been receiving increasing attention amid rising great power competition and accelerating climate
-0.125,Oceans are warming and undergoing chemical changes due to climate changewhich has harmful consequences for all of
0.3333333333333333,We know agriculture sustains life but is also one of the most important climate sensitive activity These are the
0.13636363636363635,Eyes in the sky Investors reach for new tools to gauge climate change risk
0.0777777777777778,Are you learning about climate change amp sustainability EcoCentre can cover a huge range of subject areas such as
0.5,How is resilience influenced by climate change To learn more about climate and resilience CAREGlobal Academy
0.10416666666666667,A cute idea but unfortunately not realistic One does simply not turn an 80 fossil fuel based global energy syste
0.13636363636363635,BigThreeConsulting McKinsey McKinsey New climaterisk case study from McKinseyMGI How does climate change acc
0.11818181818181818,New climaterisk case study from McKinseyMGI How does climate change accelerate the depletion of natural capita
-0.5,FAO partners with the Adaptation Fund to help vulnerable countries fight the impact of climate change
0.5,Understanding Healthy Soil amp Climate Change Steps Everyone Can Take soil healthysoil
-0.15555555555555559,SkyNewsAust rowandean Then you partisan knuts should be shut down for the lies Dean spreads on Climate Change
-0.3333333333333333,Want Serious Policy 2 Tackle Urgent Natl Problems Policy ambition wont be constrained by vision amp plans but by
-0.2,Every year the world five largest publicly owned oil and gas companies spend approximately 200 million on lobby
-0.3,SxmAlumni supports the 2016 Paris Agreement on Climate Change setting out a global framework to avoid dangerous
-0.4,Oil companies began funding fringe scientists to sow doubt about the science behind climate change and its adverse
-0.6,We are fucked NOW is time to act These fuckhead politicians arent going to help Do what you can to stop the con
-0.25,offers you quality Sports Artificial Grass that are climate resistant having the ability
0.3666666666666667,Imagine how the world would change if the OampG industry switched from producing hydrocarbons to heat Clean limitle
0.5,Understanding Healthy Soil amp Climate Change Steps Everyone Can Take soil healthysoil
0.4136363636363637,Nature is an amazing thing Please take the time to see the positive change these 14 wolves had on an ecosystem
0.13636363636363635,environment NEW links to the ENVIRONMENT climate change consumerism ecology
-0.049999999999999996,Financial Markets and Regulators Are Still in the Dark on Climate Change climate financial financialsystem
-0.625,Why does Climate Change Matter There are a number of quite frightening and tragic impacts that will occur our ear
0.16,This is what urgency looks like Rapid Arctic meltdown in Siberia alarms scientists temperatures in the High Arct
0.7,What are your attitudes towards doing activities that are good for the environment Have your say in
0.3,As we cap off 3 enlightening days of climate conversations with LCAW2020 let ernasolberg and
0.5,In our latest episode of the PRI podcast Sagarika Chatterjee speaks with JulianPoulter of Energy Transition Advi
0.25,Australia Worsening heatwaves are accelerating research finds Now more frequentamp lasting longer Climate
0.09999999999999998,As Tundras Warm Microbes Could Make Climate Change Worse climate drought climatesolutions climatecrisis
0.38181818181818183,Great article juliathrift The spotlight is now shining brightly on the positive impact parks and green spaces ha
0.13636363636363635,BigThreeConsulting McKinsey McKinsey In this new article McKinseyMGI Hauke Engel and Mekala Krishnan discuss
0.445,Nick you make a very powerful point Many of the successes we claim for conservation are probably a consequence of
0.3666666666666667,science Links to SCIENCE and CLIMATE CHANGE climate clean greenenergy solar air water temps
-0.05,International negotiation on climate debt financing is a distant dream until all countries realise and act upon t
0.5,China braces for more rainstorms over weekend climate change blamed China rainstorms climate change
-0.3,Cause Ill bet my life savings that we are having this same conversation in 5 years time but worse Noones gonna ch
0.45,World Migratory Bird Day is an opportunity to celebrate the great natural wonder of bird migration but also a re
0.16,Climate change in Afghanistan High spring temperaturesgt glacier melts faster gt flooding landslide in the
0.7,lindareynoldswa DeptDefence Good I guess but against what threat I wish we were spending 270b to address the t
0.3333333333333333,Only if we manage to stop climate change we will be able to maintain the beauty of many areas Italy Meran
0.1,So not only do we urgently need to review environmental law we ALSO need to responsibly monitor our impact on the
0.18,The real invention here is the sensing because she use a high resolution infrared camera along with three differ
0.1,Link climate change action to COVID stimulus packages
0.5,ErinOTooleMP There is more than Alberta at stake here Erin Gas amp oil infrastructure affects every Canadian thro
0.375,More and more younger Americans are saying that more should be done to help the environment and energy innovation
0.13636363636363635,Investors reaching out for new tools to measure ClimateChange risk ClimateSamurai Climate ClimateAction
0.5,Coronavirus revealed that many CEOs werent prepared for pandemic Many CEOs also admit they arent prepared for
0.375,How rich people could help save the planet from climate change ClimateChange environment
0.5,In our latest episode of the PRI podcast Sagarika Chatterjee speaks with JulianPoulter of Energy Transition Advi
0.5,Climate battles are moving into the courtroom and lawyers are getting creative
-0.15000000000000002,climate We cant slow climate change without those in rural areas being engaged
0.3333333333333333,Many communities have sustained themselves for thousands of yearsand one of the main sources of nutrition for the
0.05000000000000002,In general beef and lamb have the biggest climate footprint per gram of protein while plant based foods tend to
-0.1125,Climate Change Is Expected to Trigger Extreme Waves and Coastal Erosion change climate
-0.5,UK Despite the warnings were heading into a Climate catastrophe utterly ill prepared Remind you of anything
0.2,The inequity crisis in the South is and will continue to be amplified by climate change making it that much mor
0.26,Jane Goodall We will get through the pandemic But climate change is a very real existential threat to humank
0.6000000000000001,It just amazing that people dont believe that climate change is a thing environment climate ClimateCrisis
0.25,Speech Resilience in light of COVID Climate Action on the Road to COP26 Agenparl
0.25,Although emissions have increased across the world just 15 countries account for more than 23rds of the global
0.5,Understanding Healthy Soil amp Climate Change Steps Everyone Can Take soil healthysoil
-0.21250000000000002,An increase in extreme temperatures brought on by climate change combined with rising energy costs forced con
0.4,Climate News As wildfires flare up across West research highlights risk of ecological change
0.5,Top 20 non programming tags trke 36 accessibility 22 design 20 security 19 science 13 art 12
0.8,Great piece here by DJEcosteward of ConservStewards on how Ronald Reagan saved the bikini and exhibited climate
0.13636363636363635,In this new article McKinseyMGI Hauke Engel and Mekala Krishnan discuss what we have learned about risk during
-0.13333333333333333,Tackling cow burps and climate change with garlic Credit Alessandro Pensabene livetree climate
-0.2,Learn how everyday items in your home and backyard are affected by climate change ClimateCrisis ClimateAction
0.7,We need to come up with ideas that can sequester Terra Tons of greenhouse gases Some terraforming ideas are good
0.5,More climate change planning needed soon says BoEs PRA
0.5,China braces for more rainstorms over weekend climate change blamed Vastuullisuus
0.43333333333333335,KashanAhmed Honestly I dont really agree If we all start doing our bit it can change for sure We cant wait for
0.25,Climate change will make world too hot for 60 per cent of fish species oceans
0.15,Another reality of climate change Swarming in trillions they are destroying precious pastures and crops in what
-0.5,Thomas1774Paine WE CORRUPT DEMOCRATS BYEBYEBYE CLIMATECHANGE WHEN DEMOCRATSLEAVE
0.14444444444444446,Fish are at a far greater risk from climate change than previously thought as researchers have shown that embryos
-0.11333333333333333,Countries with high levels of hunger are vulnerable to climate change and have a low capacity to adapt Greenpeace
0.15,The chronic impacts of climate change are alarming Beyond acute events like floods long term effects of rising t
0.25,Tropical plants close to the equator are most at risk from climate change because it will likely become too hot fo
0.13636363636363635,Trend towards worsening heatwaves is accelerating new research finds via smh climate
0.1,Hand on heart are you a climate realist What gifts could you bring to climate action And who would you cha
0.45,As with climate change coronavirus is becoming a story of boomers versus millennials grist
0.4,Funds from financing climate debts can be used for mitigating adverse ecological disasters and helping marginalize
0.6,Were thrilled to announce the NewEnergyNexus Uganda program ENVenture is a finalist for the acclaimed
0.375,Tropical dryland hilltops are unique biodiversity that face plenty of pressure and warrant urgent conservation
0.7,Good news for NFU Members in the Horticulture Pig and Poultry Sectors The NFU Climate Change Levy Scheme
0.5,Debt relief in response to loss amp damage caused by climate change Most is thereby resulting of inter alia the c
0.16666666666666666,We should turn in climate change the traffic lights on red and stop climatechange quickly environment jus
0.4666666666666666,Important update on global trends in climate change litigation climate law excellent research and analysis by
0.2,As UK emerges from Covid crisis it time to press Westminster for real change on climate policies Britain bey
0.5,What tools and strategies are the most effective in engaging citizens with climate change On Monday the 6th of Ju
0.29545454545454547,Climate change could make it too hot for many species of tropical plants close to the equator to germinate new r
0.5,Climate battles are moving into the courtroom and lawyers are getting creative including in Switzerland All eye
0.45,As with climate change coronavirus is becoming a story of boomers versus millennials grist
-0.05454545454545454,Marginalised groups have the least means to adapt to and prepare for climate change and are likely to live in area
0.016666666666666673,The average person in the USA produces as much CO2 as 35 people in Bangladesh What can we do with such informatio
-0.15,Global response to COVID 19 may indicate how we should deal with climate change The past few months have show
0.45,When Italy is now in the postcovid questions of climate change are still as relevant as ever Read more
-1.0,We CAN avoid the worst impacts of climate change but we must act now
0.1,How much can finance do about climate A lot biggest 250 financial firms control 86 of emissions firms with
0.35714285714285715,mdpiwater Special Issue Environmental Flows Climate change and River Hydromorphology edited by Dr Piotr Par
0.25,Tropical plants close to the equator are most at risk from climate change because it will likely become too hot fo
0.14444444444444446,Fish are at a far greater risk from climate change than previously thought as researchers have shown that embryos
0.037500000000000006,DavidLWindt Likely much sooner because as weve seen climate change is only linear over long term measurements
0.125,Interested in leadership theory climate change amp the role of Chinese amp EU leadership in negotiation amp implementa
0.5,Find your place in the climate justice movement Learn more about race the environment amp the people inspiring a g
0.5,Climate battles are moving into the courtroom and lawyers are getting creative Climate ClimateCrisis
-0.5,Opinion Were heading into a climate catastrophe utterly ill prepared Remind you of anything
0.25,Its funny no matter how we view climate change we will tend to get obscured Obscured from the damage we are placin
-0.2,Automakers and suppliers face a stark reality when it comes to climate change How can the industry endeavor to be
-0.03125,Foreign ministers flag climate change as major spark for conflicts climate amp conflict
0.20714285714285713,Rainforest Alliance aims to help ethical growers get climate smart
0.25,Climate change will make world too hot for 60 per cent of fish species is now trending on
0.3181818181818182,Interesting new paper on the impact of climate change on fish in Science Dahlke et al Thermal bo
-0.14500000000000002,On climate change the science is clear yet governments are still very slow to act The speed of lockdowns shows go
0.3,Exciting content coming soon thereisnoplanetB earth climatechange covid climate Sustainability
0.4,Warm thanks InsideClimate for letting Farmland and others incl farmers explain why climatesmartag must be pro
-0.03125,TBT from businessinsider Why the CEOs of Shell BP and 11 other major corporations have decided to lobby DC for
0.35,More than 80000 people were surveyed in 40 countries and almost 7 in 10 think climatechange is a very or extrem
0.4666666666666667,crspears is extraordinary and has been pouring her heart amp soul into ClimateCabinet for years Thrilled and pro
0.19999999999999998,OMG there actual hope for the GOP These young conservatives trust climate science and theyre convincing th
0.6,Were thrilled to announce the NewEnergyNexus Uganda program ENVenture is a finalist for the acclaimed
0.25,We are not powerless aganist Climate Change UNFCCC ClimateReality birthdaysfor bhamys4c IYCM climate
0.6,A majority of Americans continue to say they see the effects of climate change in their own communities and believ
-0.2,Approximately 16 billion people depend on forestswhich cover nearly a third of the worlds landto make their liv
0.5,Understanding Healthy Soil amp Climate Change Steps Everyone Can Take soil healthysoil
0.5,In our latest episode of the PRI podcast Sagarika Chatterjee speaks with JulianPoulter of Energy Transition Advi
0.06628787878787878,Today bondngo published new research on 4 major transitions to impact the INGO sector in the next decade In this
0.5,Understanding Healthy Soil amp Climate Change Steps Everyone Can Take soil healthysoil
0.2,Racism Is Killing the Planet very thought provoking principle You cant have climate change without sacrifice zo
0.5,The link of my latest article about climate change COVID 19 could be the beginning of th
0.0625,Climate change according to Science caused a major shift in vegetation ClimateAction
0.3666666666666667,Our purpose is to lit up the world homes businesses schools with Clean amp Renewable Energy from the Sun so
-0.1625,Extreme heat from climate change is an iimportant cause of premature death Another reason for a green recovery
0.2,RepRobWoodall Thanks for meeting with citizensclimate constituents from your district RepRobWoodall Democracy
-0.25,A small Siberian town in the Artic Circle one of the coldest places in the world is now posting 100 degrees weath
0.1,repeatedly raised the alarm over the sizeable climate footprint of animal farming it produces nearly 15 o
0.7,Conservatives should follow Reagan lead on climate solution Good piece by DJEcoSteward
0.06818181818181818,Eyes in the sky Investors reach for new tools to gauge impacts of global climate change over coming decades Reu
-0.14583333333333334,Dang the Chinese are reeeeeally working hard to convince us that climate change isnt a hoax arent they
0.35,Watch this space tomorrow Learn more about how Climate Change Is Real Issue 31 Spread the word
0.1,Europe is burning its living environment for energy It is a direct result of EU targets to increase renewable
0.06818181818181818,We had financial crisis environmental crisis climate change crisis and now health crisis A new world order
0.10714285714285714,Starting in 30 minutes ERRINNetwork Energy amp Climate Change and Smart Cities W
0.5,Look out On 1072020 the nomination period for the EITCHANGE Award 2020 will end honoring outstanding partic
0.2583333333333333,From now on full focus on the main EU2020DE priorities making it a GreenRecovery post COVID19 with transformat
0.2583333333333333,EU2020DE IsmailErtug HeikoMaas grlicradman So now full focus on one of the main EU2020DE priorities making it
-0.5,But then the Commission TimmermansEU must change EC system of Riomarkers to end fake climate accounting of
0.6000000000000001,My hats off to thirdpole amp their amazing correspondents across the South Asia region joydeepgupta zofeen28
0.15000000000000002,Verkhoyansk Siberia recorded 38C recently The Arctic region has experienced repeated heat waves in the last few
0.06818181818181818,Climate change and COVID19 What Now Our new paper connects the parallel crises of coronavirus and climate chan
0.35714285714285715,mdpiwater Special Issue on Effect of Climate Change on Coastal Hydrodynamics edited by Prof Joan Pau Sierra a
0.3875,The major own goal in Shellenberger latest is this if climate change is not an existential threat then it ve
0.7,thinkers360 noookophile ThoHeller adnyesh cwolfbv annasimpson OllieRankin Delighted to feature at 2 in th
0.30000000000000004,Climate change threatens ecological and economic systems That is why investors are increasingly looking to invest
-0.125,in 2030 GHG emissions in Jordan will almost double from 2006 levels if we continued doing business as usual Bel
0.13,While the COVID19 pandemic is very real we are still facing biodiversity and climate crises Earlier this year
-0.012499999999999992,Shareholder proposals are non binding votes usually opposed by company mgmt amp gaining little support Engaging o
0.125,BusinessEurope Beyrer we need to ensure more public support for trade also showing how it can support key prior
0.13636363636363635,BigThreeConsulting McKinsey McKinsey New climaterisk case study from McKinseyMGI How does climate change acc
0.3333333333333333,Solar amp wind power are booming Electric vehicles are so promising that Tesla is now worth more than ExxonMobil Co
0.25,More Southern Annular Mode AAO nonsense from that nest of communist greenies Channel9 As we all well know amp ha
-0.03571428571428571,Climate change now detectable from any single day of weather at global scale Climate GlobalScale
0.8,Who dares to be optimistic about climate Lots of brave people committed to change Read Voices for Climate O
